sequence,label
GATAGTCAGCCTGTGGCCCCTATACGCTTCTAGGGTGGAGGTTAAACCTACCACGTGTGTGATGTCCTCAGAACAAAATCTGCTCCCTCACTGATCCACAGGAGGGCGCTTAGGCGCCCT,4.0
TGATACACCAATTGTGATCCTAAGAAACTTTGTTCTGCTTATTTGTCAGCAATCCGTGTAGGTCGCCCGCTTTTCTCCGTGGTTGGTAGTGTGACGCCCACAGGTTGGTTGCAACGAAGACGCGCCCTGGCATGTCTAACCTCTCCAAACTTCTTCGCATGCAA,4.0
GGGCTCTCTTGTTTAAGCCCCCCCAGGCTACTCGTAGAGTCCCCGTTTCCGGAGTGCCGTCGAATTGCATTTCCTAGACAATGTAGCATTGCC,3.0
AGCCGACGACACGGTTTTTCGGAGCAAAGGAGACTCCATTTCAAAGTGGAGTGTGTCCGGTAACACCCGTCCCGTAGTGCATCACGAGTTGGAGGCGCCCGCGCATCCTGCTTGCCTCAATTGTCGTGCAACATTTACGTAAATGATGGACATGTTGACCCATTTCAATACATAGTGGTGACAGAGAACCGCGGTTGCT,3.0
CAGATAAGACGCTCAATCGCCTTACTCATCGTCGTACCTAGAGCCTGAAGTAGTGGTGTTTTTAGCTTCACGCAGTCCTACCCAGGCTCTTGACGTAGACTTTAGAGCGTTATCTGGCATACTAAAAC,4.0
CCGACAGCTATGATGCTTCTTGTGCAGACAGTTCCTGCGCCGCCCTTCACGTCGTCAAC,4.0
TAGTGTACTGCAGAATATGGTTGCGAACTACCGTTTAACAGCCAATTTAGAGTTACGGGGCGGGGCAGCAACTGCCGATCCACGTTACTGCGTAGAGGGCCTATCGTCCAAAACGAAACTAGGTACG,4.0
CATCCCCGAGAGATTCCGGTAGGGCCTCGCGTGAGGAACATCATAAGATGAGATTAAGCTCTCATTGCGACGGGAACATCGGCGTACGAACGGATGAGCGCAGCTAGGTTGTCGTGTATCTATTTATCAGCTCGTTATCCCCACACAGGCACT,4.0
TGCGGGACAGTTTTACCGGTCAGATTGTCAGATTACGTGTTAACACAAGGGAGCAGTTGGGAGAAGTTTCATATCCAGGCCTACGGAGATGTCTCTGGTGGCCAGAGAAGTACGTGTTTCGTATGATG,3.0
CCTCTTTATTGCGCCTACAAGCACTGCGAGTCCCTCATTAGCCTGCACTCAAGCCACTAAATTGCCCGAAGGTATTCCGCACTAGC,3.0
ATGTTCAACAAATCCCACATAATTTTGCCCGCGACCGCCTTCTGTGCGCCCCTGAAAGGTCGAAATGGTCGTCGGAATTGCATACCCGCGAGGGGATTTACAACTAGAAGTGACTGGCGAGCCACGCCATGTATCATAAAG,3.0
TACTTGCCGGAGAGTCTCTAATTCCGCGCCCCTGTAAGATCACCGGTCGTCCTAGCTCCTGCGTGTTACCCAGT,4.0
ATGTGTGGCATTTGGGCGCTGTTTGGCAGTGATGATTGCCTTTCTGTTCAGTGTCTGAGTGCTATGAAGATTGCACACAGAGGTCCAGATGCATTCCGTTTTGAGAATGTCAATGGATACACCAACTGCTGCTTTGGATTTCACCGGTTGGCGGTAGTTGACCCGCTGTTTGGAATGCAGCCAATTCGAGTGAAGAAATATCCGTATTTGTGGCTCTGTTACAATGGTGAAATCTACAACCATAAGAAGATGCAACAGCATTTTGAATTTGAATACCAGACCAAAGTGGATGGTGAGATAATCCTTCATCTTTATGACAAAGGAGGAATTGAGCAAACAATTTGTATGTTGGATGGTGTGTTTGCATTTGTTTTACTGGATACTGCCAATAAGAAAGTGTTCCTGGGTAGAGATACATATGGAGTCAGACCTTTGTTTAAAGCAATGACAGAAGATGGATTTTTGGCTGTATGTTCAGAAGCTAAAGGTCTTGTTACATTGAAGCACTCCGCGACTCCCTTTTTAAAAGTGGAGCCTTTTCTTCCTGGACACTATGAAGTTTTGGATTTAAAGCCAAATGGCAAAGTTGCATCCGTGGAAATGGTTAAATATCATCACTGTCGGGATGTACCCCTGCACGCCCT,3.0
AAAGGCCTCCAACTGGAGCTTTATACCCAATTGCTGCGCTAAACCATTGCATGTAAGCTGTAGCCAGGCCAGACTATGGGTTTAGGTGGATGCTGACGCGTCAGTTGCTTCACTTTAATCAAACATAGCGGGGATCATATAACAGT,4.0
AGGGACAGATTAGACAGGCTTCAGGTCACGTAGATTATCAAGTTGAGACGGTCACATTGTAAAGTCCCTCTCCGCAGGTAACTTGGATCCTATTGCTTCCCCAACTGGAACTCT,3.0
GGTGGTCGGTGAGAAGCGGGCCTGGTTTACCATTGGCGCCCGTACTCTAGACA,3.0
GCAATATTCAAGCTTATTGCCCGGCTATAGGGCGAAGTCTACCTTAGTTCCCTAAGCCACGCAACAAATTTCGGGTAATAGATCTGCCA,4.0
TCCGTCGTCTGGCCTAAGTTGTGGTTCTACTCACAATACCATCACACCGTTGCTTACAA,4.0
AGTGAACGATCACTCGCAACCTACAGGAGCCAATGTTCTACAATAGAGTAGGTAATCTAGAACAGCCTTTCAACACTCTATCCGCAATCTAATCCAATCACAGTCACATATGTAGTTAGGGTGATCTCTAATGCTATGCAGAAGTATCTATGACGCATTGTCGGCCGACACACCCGAGGC,3.0
GACCAATAATGGGTTCCGAGCGCTGAACAGAGAGCAGTGGATTACACTTGCGGACGAGCACGCGACGCAGCTCACTGGTCAACACGCCATACGGTGGGTACCCCTTGACTCTGTGTACCGTACCCGATGCACCTAATGGGCTTGCATATTCGTAAACCCAATATTTGGTTAGCGCCCT,4.0
CTAGACTGCACTTTAAGCCGCTAAACTGCCCTACGTACAGATCCAGATGCGCGGGCGATAGTCCCACAGTCAAGGGGTTGTCCCTATTGTGAAATTAAGTTTCTACTGTGCAAGGCACAAGGAACGCTGTATGATTCGAGAGACTGGGAATCCGAAGGATT,3.0
AGACTATGATATGGCTTTGTTCCCTCATTCACGGGGTTCATCGTACATAGCAGGGGCTGCCCTCCCAGTCAGCAGCAGATGCACTTCCTACCTTCCAAGCCAGGCAATTGAATGGACGTCTTTACCGACCATACTCGGT,4.0
ACCGACATCGATGTTTCAATGACCAGGAATGAGACCGCGTGGGCCTTGCGATACAACGTAGCAAAGTCTACTAGGATCCGCTTCGTGTTGGATAGAGCATCACCGAAGAGAAACTGTTGGACAACGACATGGACCAATCGTAGGCTATGGACATTGCACGCTTCGG,3.0
ATGAACGAAAATCTGTTCGCTTCATTCATTGCCCCCACAATCCTAGGCCTACCCGCCGCAGTACTGATCATTCTATTTCCCCCTCTATTGATCCCCACCTCCAAATATCTCATCAACAACCGACTAATCACCACCCAACAATGACTAATCAAACTAACCTCAAAACAAATGATAACCATACACAACACTAAAGGACGAACCTGATCTCTTATACTAGTATCCTTAATCATTTTTATTGCCACAACTAACCTCCTCGGACTCCTGCCTCACTCATTTACACCAACCACCCAACTATCTATAAACCTAGCCATGGCCATCCCCTTATGAGCGGGCACAGTGATTATAGGCTTTCGCTCTAAGATTAAAAATGCCCTAGCCCACTTCTTACCACAAGGCACACCTACACCCCTTATCCCCATACTAGTTATTATCGAAACCATCAGCCTACTCATTCAACCAATAGCCCTGGCCGTACGCCTAACCGCTAACATTACTGCAGGCCACCTACTCATGCACCTAATTGGAAGCGCCACCCTAGCAATATCAACCATTAACCTTCCCTCTACACTTATCATCTTCACAATTCTAATTCTACTGACTATCCTAGAAATCGCTGTCGCCTTAATCCAAGCCTACGTTTTCACACTTCTAGTAAGCCTCTACCTGCACGACAACACATAA,4.0
TAGCCGGTCCCTACTTTCTTATTCCGCAAGTCCCCTCGTGTGGGCTAAAAGTTAGGGCTCTATCGACATCATTCACCTATTCGGAGTATCAGAGTCCTCTGGCTCG,4.0
ATGTGTGGCATTTGGGCGCTGTTTGGCAGTGATGATTGCCTTTCTGTTCAGTGTCTGAGTGCTATGAAGATTGCACACAGAGGTC,3.0
GCTATTGTCGGTAGCTGAGACTCCGCCATGATTGCGGTTAGAGTCGCAACTTGAACTATTTAACCATGTGTGTACCACAGTCGGGAATTTCTGAAATGTAACGTACTGCGTCTCACATGCAACCGAACTTACACGAGGTAAAATCATTCAGTGATATGGGATGACTAATGCTCAGCGAGAAT,3.0
ATGCCCCAACTAAATACTACCGTATGGCCCACCATAATTACCCCCATACTCCTTACACTATTCCTCATCACCCAACTAAAAATATTAAACACAAACTACCACCTACCTCCCTCACCAAAGCCCATAAAAATAAAAAATTATAACAAACCCTGAGAACCAAAATGAACGAAAATCTGTTCGCTTCATTCATTGCCCCCACAATCCTAG,4.0
CTGGCAGCCAACACGTATCAGATGATGATCCTTGGCCCTCCACGAAGTAAGGAACTAAGAGTGGCCATGGACCCAAGGAACCTC,4.0
AAGGCAAATCGTTAAGTTACGGAACTCACTAAGCCGCACGTGCGCGCTGGTAGAGCGTTTCCGCCG,3.0
CAGAATCGTCATGACTTGACACCGGACACGGAACAAGCCCCTATGGATCTCAAGACTCCGGGGAGGTCGCTGGAGGCCATGTGGGACTTAGAGGCGCTGATCGCACAACTTAACCGTGGGGTCATCGGGCTCTAA,4.0
CCGAATACAGCAATTAGCCACCATGCCAAGCCCGAGGAAGATGCCGCGCCGCGGTGCACC,3.0
GGGTCGCCTTAAGACCTGTTACACCCTGTTGTAGCTGAAGGCCGTCGCGTTTAGCATGGCTTACCGAACGAGATGACAGGATGTTGAGAGTGCGTCCTCGAGTAATATGCCTCGGTCTTATTTGTACGTGGCTTACCATTTGGTACTAAAAGCCGCGCCATTCGGTCTGCTTGATAGGTG,4.0
TTAGCGCGTTATACACTTTATAGCCCTTCGACGTTTTTGTAGCCGGCGCACATTCTGGGCCTGCGTCAAACTGCACAAAGATAGCTAAGGGCATATGTTGGTTCCTGAATAACTTATACATAGGCATGCTGTAACCCCACGGCTAAGGCGGTAGCAG,3.0
GTCTCACAAAGGACGTGACCTACAAGTGATGATCCAGTCTGGCCGAAGTAAATTGCGGATACTC,4.0
GCGTCACGTAGTCAGTTCAGGCAGTCGTACTGATCAAGGCATCCGGTTTTTCGGTTGGGACTTATGCCGACTGGGTACCGGACGCGCGTGGGTGTACTGTCTGTGACGGCGTACTCTT,4.0
ACAAACGATTGAATAGCGTTAGCACCTTCAGCATAAGGGTCGGGCTTCCCCGGGGTTTTGAACGCGCGATGGGTGACAGTTGTGCTCAGACGATGGTGCACCGGCCTGGAATACCTTGGGTCGAAGAACGTAATGAAGCACCGTTCCTTGCGGCGCAAATAACAAGATGCGCAAGGC,3.0
TAGTGCGATTTGATGCGTACAGGAACCGGGTCGATCGGAGGACAGATCGCACGGGGCTATAGCGCAAAACACCTCGATACGGAAAGTTAAAATTGTGTGCGCACTGTTTTTGATACATTTTATTGGCGCAGCCGTTTTCCGGTAGCGGCCTAGCTTGGTTGC,3.0
CTTCTGTAAGTACTTCAGTCTCCGCCTGTTATAGTATCGATAATAACCGGAAGTT,3.0
CGACAAAGCTTGTTGCGTGGAGAAGTTGATTTGAGCGGATTATTCAGCAACCCGCGAAACAGTTGTCTTTCAGGAGGAGTCCGCTCACTACCCGGCCGTGTTATTCGACATAAAAACCCAAAACCGGTGAGGGCT,4.0
TCAACTGTATTGCGTTGCCCGGACATTTACCCTTCCAGAGGCGGTCACACCTGAGCAAGGATGACAAGTTCCCGAGTAAGGGGTCGGTACAAAGTTGTTTCTGAGGCTAATGAAGAACAATGAAGCAATGCGA,3.0
ACATGCAGAAGCGGCTTGGCATTATTCTTGAAGTCACGAGTGTATGAATTCATCTCCTGTCGGATGAGATCAATCGCCAGAGTTCGAGTTGTCCAATATCACCACTATATCCGGACTTTTAGGAATCAACTGTTCGGCAGCGAGGAGCCACATGTCAAGATAAACGATAGTGACCTCGGCATGCATCGGTTGG,3.0
CAATGGGCTCTTCGGGTCACCGTGTGATCGAGTGGCAAAAGCGGTAAAGACCCTTAGGGAGACGAGTCGCCCTATGTGCACATATCATCTTAGCTGGT,4.0
GTCCGACCACAGGGCGAGAGCTCAGGCCGAAATCAACGAGGGCATCGTCAAACAACTGACTTGAATC,3.0
GAAATTAACCCAGGCAGCGCTCTGCCCTAACATCGCCCTATCTACGATGCTTTGAAAGCAGTGTGGACACCATAACTCATCACCTTATTCCCTTTAAGCTGATGAGATGGTAGATCTCGACGACAAACAGAAGAGAAGCAGTTTCCCCCGAACTCG,4.0
GTTGGCAGTAAGAGTATATATCTAATGCTTACTGTTTCACAGGTATGGTCCTAATGGTACCGTACGAGTTTACTGCCCTTTAGTCTCCTCAATCCGGTTCAGGTTCTACTTTACCAGGCTTGGACTGACACGGCCTATCTCGGTGGAGAGGTTGTTATAATAAGCACCACGGGGGAC,3.0
